"Restaurant_ID","TotalRating","DinnerRating","LunchRating","ReviewNum","Rating_Category"
"1","3.633333333333333","3.2","3.38","56","3~3.9 星餐廳"
"2","3.5","3.06","3.33","70","3~3.9 星餐廳"
"3","3.6666666666666665","3.28","","7","3~3.9 星餐廳"
"4","3.533333333333333","3.14","","16","3~3.9 星餐廳"
"5","3.333333333333333","3.16","3.05","23","3~3.9 星餐廳"
"6","3.533333333333333","3.0","3.11","24","3~3.9 星餐廳"
"7","3.6666666666666665","3.05","3.0","22","3~3.9 星餐廳"
"8","3.633333333333333","3.34","","23","3~3.9 星餐廳"
"9","3.5","3.04","","3","3~3.9 星餐廳"
"10","4.2","3.56","","92","4~5 星餐廳"
"11","3.6","3.04","","4","3~3.9 星餐廳"
"12","4.033333333333333","3.54","3.56","120","4~5 星餐廳"
"13","3.5","3.0","","2","3~3.9 星餐廳"
"14","4.666666666666667","3.83","3.75","39","4~5 星餐廳"
"15","3.3666666666666667","3.05","","13","3~3.9 星餐廳"
"16","3.8333333333333335","3.04","3.03","2","3~3.9 星餐廳"
"17","3.5","3.1","","19","3~3.9 星餐廳"
"18","3.433333333333333","3.1","3.06","31","3~3.9 星餐廳"
"19","3.466666666666667","3.06","","21","3~3.9 星餐廳"
"20","4.166666666666667","3.07","3.55","16","4~5 星餐廳"
"21","3.733333333333333","3.16","","18","3~3.9 星餐廳"
"22","3.533333333333333","3.06","","3","3~3.9 星餐廳"
"23","3.733333333333333","3.03","","24","3~3.9 星餐廳"
"24","4.266666666666667","3.66","3.58","46","4~5 星餐廳"
"25","3.566666666666667","3.09","","16","3~3.9 星餐廳"
"26","3.5","3.03","3.02","10","3~3.9 星餐廳"
"27","4.0","3.3","3.31","33","4~5 星餐廳"
"28","3.7","3.06","","10","3~3.9 星餐廳"
"29","3.4","3.08","","23","3~3.9 星餐廳"
"30","3.433333333333333","3.35","3.04","14","3~3.9 星餐廳"
"31","4.1","3.47","3.16","13","4~5 星餐廳"
"32","3.566666666666667","3.17","","10","3~3.9 星餐廳"
"33","3.5","3.06","","16","3~3.9 星餐廳"
"34","3.6","3.02","","26","3~3.9 星餐廳"
"35","3.4","3.03","","5","3~3.9 星餐廳"
"36","3.533333333333333","3.06","","5","3~3.9 星餐廳"
"37","3.7","3.25","","17","3~3.9 星餐廳"
"38","4.266666666666667","3.53","3.32","82","4~5 星餐廳"
"39","3.966666666666667","3.61","3.58","272","3~3.9 星餐廳"
"40","3.6666666666666665","3.04","","2","3~3.9 星餐廳"
"41","3.466666666666667","3.05","","12","3~3.9 星餐廳"
"42","3.3666666666666667","3.17","3.03","35","3~3.9 星餐廳"
"43","4.1","3.45","3.59","6","4~5 星餐廳"
"44","3.6666666666666665","3.08","","31","3~3.9 星餐廳"
"45","3.633333333333333","3.06","","1","3~3.9 星餐廳"
"46","4.2","3.3","3.51","52","4~5 星餐廳"
"47","3.3666666666666667","3.02","","20","3~3.9 星餐廳"
"48","3.566666666666667","3.09","","11","3~3.9 星餐廳"
"49","4.3","3.51","","52","4~5 星餐廳"
"50","4.133333333333334","3.47","","2","4~5 星餐廳"
"51","3.433333333333333","3.12","","25","3~3.9 星餐廳"
"52","3.566666666666667","3.04","","11","3~3.9 星餐廳"
"53","3.4","3.05","","7","3~3.9 星餐廳"
"54","4.166666666666667","3.42","","18","4~5 星餐廳"
"55","4.0","3.33","3.35","39","4~5 星餐廳"
"56","3.533333333333333","3.13","3.1","33","3~3.9 星餐廳"
"57","3.466666666666667","3.03","3.03","12","3~3.9 星餐廳"
"58","4.1","3.08","3.52","15","4~5 星餐廳"
"59","4.233333333333333","3.57","3.51","39","4~5 星餐廳"
"60","4.2","3.54","3.53","57","4~5 星餐廳"
"61","3.5","3.03","","9","3~3.9 星餐廳"
"62","4.166666666666667","3.21","3.52","44","4~5 星餐廳"
"63","3.966666666666667","3.54","3.58","30","3~3.9 星餐廳"
"64","3.533333333333333","3.04","","11","3~3.9 星餐廳"
"65","3.633333333333333","3.07","3.06","33","3~3.9 星餐廳"
"66","3.433333333333333","3.05","","4","3~3.9 星餐廳"
"67","3.533333333333333","3.08","3.06","59","3~3.9 星餐廳"
"68","4.0","3.64","3.68","252","4~5 星餐廳"
"69","3.7","3.01","3.0","27","3~3.9 星餐廳"
"70","4.3","3.51","3.56","140","4~5 星餐廳"
"71","4.166666666666667","3.32","3.45","56","4~5 星餐廳"
"72","3.733333333333333","3.14","","30","3~3.9 星餐廳"
"73","3.933333333333333","3.5","3.32","33","3~3.9 星餐廳"
"74","4.2","3.52","3.4","72","4~5 星餐廳"
"75","3.3","3.03","","15","3~3.9 星餐廳"
"76","3.433333333333333","3.04","","1","3~3.9 星餐廳"
"77","4.1","3.5","3.51","113","4~5 星餐廳"
"78","3.533333333333333","3.04","3.12","19","3~3.9 星餐廳"
"79","4.266666666666667","3.49","3.2","11","4~5 星餐廳"
"80","4.3","3.23","3.5","66","4~5 星餐廳"
"81","3.5","3.16","3.06","23","3~3.9 星餐廳"
"82","3.6","3.11","","46","3~3.9 星餐廳"
"83","3.6","3.06","","4","3~3.9 星餐廳"
"84","4.333333333333333","3.53","","13","4~5 星餐廳"
"85","3.4","3.1","","24","3~3.9 星餐廳"
"86","3.8","3.02","3.04","28","3~3.9 星餐廳"
"87","3.633333333333333","3.02","","3","3~3.9 星餐廳"
"88","3.733333333333333","3.0","","2","3~3.9 星餐廳"
"89","4.266666666666667","3.55","","44","4~5 星餐廳"
"90","3.633333333333333","3.03","","7","3~3.9 星餐廳"
"91","3.4","3.04","","8","3~3.9 星餐廳"
"92","3.566666666666667","3.1","3.05","8","3~3.9 星餐廳"
"93","3.3","3.02","","12","3~3.9 星餐廳"
"94","3.6666666666666665","3.09","3.0","20","3~3.9 星餐廳"
"95","3.4","3.05","3.2","10","3~3.9 星餐廳"
"96","3.533333333333333","3.05","3.0","14","3~3.9 星餐廳"
"97","3.466666666666667","3.07","","7","3~3.9 星餐廳"
"98","3.7","3.02","","3","3~3.9 星餐廳"
"99","3.433333333333333","3.05","3.0","9","3~3.9 星餐廳"
"100","3.6","3.06","","11","3~3.9 星餐廳"
"101","3.566666666666667","3.04","3.06","14","3~3.9 星餐廳"
"102","3.5","3.03","3.03","10","3~3.9 星餐廳"
"103","3.7","3.03","3.21","7","3~3.9 星餐廳"
"104","3.5","3.07","3.52","37","3~3.9 星餐廳"
"105","3.6666666666666665","3.0","","10","3~3.9 星餐廳"
"106","3.566666666666667","3.3","","11","3~3.9 星餐廳"
"107","3.333333333333333","3.08","","17","3~3.9 星餐廳"
"108","3.566666666666667","3.04","","3","3~3.9 星餐廳"
"109","3.2666666666666666","3.18","3.05","14","3~3.9 星餐廳"
"110","3.466666666666667","3.04","3.02","18","3~3.9 星餐廳"
"111","3.6666666666666665","3.02","","1","3~3.9 星餐廳"
"112","3.5","3.05","","3","3~3.9 星餐廳"
"113","4.1","3.56","3.06","24","4~5 星餐廳"
"114","3.5","3.0","","8","3~3.9 星餐廳"
"115","3.7","3.09","","25","3~3.9 星餐廳"
"116","3.333333333333333","3.25","3.09","26","3~3.9 星餐廳"
"117","3.2333333333333334","3.12","","10","3~3.9 星餐廳"
"118","4.233333333333333","3.36","3.57","13","4~5 星餐廳"
"119","3.533333333333333","3.04","3.06","17","3~3.9 星餐廳"
"120","4.433333333333334","3.51","","83","4~5 星餐廳"
"121","4.1","3.27","3.56","14","4~5 星餐廳"
"122","3.6666666666666665","3.04","3.06","8","3~3.9 星餐廳"
"123","3.6","3.06","3.0","4","3~3.9 星餐廳"
"124","4.433333333333334","3.68","3.75","44","4~5 星餐廳"
"125","3.2333333333333334","3.2","3.06","23","3~3.9 星餐廳"
"126","3.633333333333333","3.02","","4","3~3.9 星餐廳"
"127","3.7","3.04","","8","3~3.9 星餐廳"
"128","3.633333333333333","3.13","3.09","33","3~3.9 星餐廳"
"129","3.6666666666666665","3.28","","38","3~3.9 星餐廳"
"130","3.533333333333333","3.14","3.15","37","3~3.9 星餐廳"
"131","3.633333333333333","3.07","","18","3~3.9 星餐廳"
"132","3.4","3.09","","5","3~3.9 星餐廳"
"133","3.466666666666667","3.15","3.06","6","3~3.9 星餐廳"
"134","3.4","3.06","","6","3~3.9 星餐廳"
"135","3.3666666666666667","3.02","","1","3~3.9 星餐廳"
"136","4.433333333333334","3.53","","19","4~5 星餐廳"
"137","3.633333333333333","3.0","","2","3~3.9 星餐廳"
"138","4.266666666666667","3.39","3.23","17","4~5 星餐廳"
"139","3.566666666666667","3.08","","14","3~3.9 星餐廳"
"140","3.633333333333333","3.2","","15","3~3.9 星餐廳"
"141","3.566666666666667","3.38","","14","3~3.9 星餐廳"
"142","4.1","3.46","3.08","39","4~5 星餐廳"
"143","3.566666666666667","3.0","","4","3~3.9 星餐廳"
"144","4.033333333333333","3.52","","24","4~5 星餐廳"
"145","3.466666666666667","3.06","","3","3~3.9 星餐廳"
"146","3.7","3.15","","7","3~3.9 星餐廳"
"147","3.633333333333333","3.06","","7","3~3.9 星餐廳"
"148","3.6","3.06","3.3","45","3~3.9 星餐廳"
"149","3.466666666666667","3.04","3.03","2","3~3.9 星餐廳"
"150","4.133333333333334","3.52","","8","4~5 星餐廳"
"151","3.5","3.02","3.0","18","3~3.9 星餐廳"
"152","3.8333333333333335","3.47","","20","3~3.9 星餐廳"
"153","4.233333333333333","3.54","3.51","67","4~5 星餐廳"
"154","3.6666666666666665","3.09","3.14","41","3~3.9 星餐廳"
"155","3.3","3.05","","3","3~3.9 星餐廳"
"156","3.333333333333333","3.1","","27","3~3.9 星餐廳"
"157","3.8","3.04","","1","3~3.9 星餐廳"
"158","4.2","3.51","3.54","42","4~5 星餐廳"
"159","3.7","3.06","","3","3~3.9 星餐廳"
"160","4.2","3.52","","8","4~5 星餐廳"
"161","3.533333333333333","3.06","3.18","11","3~3.9 星餐廳"
"162","3.566666666666667","3.06","","14","3~3.9 星餐廳"
"163","3.8666666666666663","3.42","","30","3~3.9 星餐廳"
"164","3.433333333333333","3.0","3.12","21","3~3.9 星餐廳"
"165","3.533333333333333","3.07","3.0","22","3~3.9 星餐廳"
"166","3.566666666666667","3.09","","5","3~3.9 星餐廳"
"167","3.6","3.09","3.04","12","3~3.9 星餐廳"
"168","3.566666666666667","3.04","","14","3~3.9 星餐廳"
"169","3.333333333333333","3.06","","9","3~3.9 星餐廳"
"170","3.333333333333333","3.05","3.12","19","3~3.9 星餐廳"
"171","3.433333333333333","3.05","","10","3~3.9 星餐廳"
"172","4.166666666666667","3.51","3.52","52","4~5 星餐廳"
"173","3.333333333333333","3.22","","4","3~3.9 星餐廳"
"174","3.4","3.0","3.04","2","3~3.9 星餐廳"
"175","3.533333333333333","3.0","3.08","21","3~3.9 星餐廳"
"176","3.566666666666667","3.09","3.06","11","3~3.9 星餐廳"
"177","3.7666666666666666","3.22","","29","3~3.9 星餐廳"
"178","3.566666666666667","3.08","","10","3~3.9 星餐廳"
"179","3.633333333333333","3.09","3.21","26","3~3.9 星餐廳"
"180","3.466666666666667","3.05","","4","3~3.9 星餐廳"
"181","3.733333333333333","3.09","3.14","47","3~3.9 星餐廳"
"182","3.6666666666666665","3.05","","2","3~3.9 星餐廳"
"183","3.4","3.06","","15","3~3.9 星餐廳"
"184","3.533333333333333","3.0","","8","3~3.9 星餐廳"
"185","4.0","3.61","3.51","8","4~5 星餐廳"
"186","3.5","3.0","3.01","14","3~3.9 星餐廳"
"187","3.466666666666667","3.05","","8","3~3.9 星餐廳"
"188","3.5","3.01","","11","3~3.9 星餐廳"
"189","3.533333333333333","3.03","","2","3~3.9 星餐廳"
"190","3.4","3.09","3.0","27","3~3.9 星餐廳"
"191","3.5","3.06","","36","3~3.9 星餐廳"
"192","3.6666666666666665","3.08","3.21","29","3~3.9 星餐廳"
"193","3.533333333333333","3.06","","2","3~3.9 星餐廳"
"194","4.133333333333334","3.58","3.06","24","4~5 星餐廳"
"195","3.733333333333333","3.06","3.0","19","3~3.9 星餐廳"
"196","3.4","3.08","","34","3~3.9 星餐廳"
"197","3.8666666666666663","3.54","3.51","44","3~3.9 星餐廳"
"198","3.7666666666666666","3.06","","1","3~3.9 星餐廳"
"199","4.033333333333333","3.51","","5","4~5 星餐廳"
"200","3.3666666666666667","3.04","","3","3~3.9 星餐廳"
"201","3.533333333333333","3.0","","2","3~3.9 星餐廳"
"202","3.6","3.06","","11","3~3.9 星餐廳"
"203","4.133333333333334","3.51","3.1","49","4~5 星餐廳"
"204","3.633333333333333","3.0","3.06","11","3~3.9 星餐廳"
"205","3.4","3.0","","10","3~3.9 星餐廳"
"206","3.566666666666667","3.11","3.09","17","3~3.9 星餐廳"
"207","3.6","3.04","3.05","7","3~3.9 星餐廳"
"208","3.6","3.02","3.02","10","3~3.9 星餐廳"
"209","4.266666666666667","3.52","3.43","36","4~5 星餐廳"
"210","3.433333333333333","3.35","","13","3~3.9 星餐廳"
"211","4.2","3.48","","20","4~5 星餐廳"
"212","3.6","3.05","3.13","16","3~3.9 星餐廳"
"213","3.633333333333333","3.15","3.05","16","3~3.9 星餐廳"
"214","4.133333333333334","3.59","3.57","51","4~5 星餐廳"
"215","3.566666666666667","3.04","","2","3~3.9 星餐廳"
"216","3.566666666666667","3.0","","10","3~3.9 星餐廳"
"217","3.8","3.12","","20","3~3.9 星餐廳"
"218","3.5","3.01","","8","3~3.9 星餐廳"
"219","4.233333333333333","3.52","3.03","37","4~5 星餐廳"
"220","3.2666666666666666","3.18","","2","3~3.9 星餐廳"
"221","3.633333333333333","3.05","","10","3~3.9 星餐廳"
"222","3.8333333333333335","3.06","","5","3~3.9 星餐廳"
"223","3.433333333333333","3.0","3.03","6","3~3.9 星餐廳"
"224","3.6666666666666665","3.09","","11","3~3.9 星餐廳"
"225","3.8666666666666663","3.06","","11","3~3.9 星餐廳"
"226","3.533333333333333","3.05","","5","3~3.9 星餐廳"
"227","3.333333333333333","3.03","","3","3~3.9 星餐廳"
"228","3.466666666666667","3.0","","1","3~3.9 星餐廳"
"229","3.566666666666667","3.04","","3","3~3.9 星餐廳"
"230","3.633333333333333","3.35","","6","3~3.9 星餐廳"
"231","3.3","3.0","","3","3~3.9 星餐廳"
"232","3.6","3.1","3.07","29","3~3.9 星餐廳"
"233","3.533333333333333","3.13","3.06","35","3~3.9 星餐廳"
"234","3.5","3.05","3.06","4","3~3.9 星餐廳"
"235","3.5","3.04","3.04","5","3~3.9 星餐廳"
"236","3.3666666666666667","3.0","","6","3~3.9 星餐廳"
"237","3.466666666666667","3.0","3.06","31","3~3.9 星餐廳"
"238","3.4","3.0","","8","3~3.9 星餐廳"
"239","4.166666666666667","3.51","3.06","19","4~5 星餐廳"
"240","3.8666666666666663","3.15","","11","3~3.9 星餐廳"
"241","3.633333333333333","3.09","3.07","50","3~3.9 星餐廳"
"242","3.933333333333333","3.09","3.52","9","3~3.9 星餐廳"
"243","3.466666666666667","3.09","3.07","22","3~3.9 星餐廳"
"244","3.6666666666666665","3.0","","4","3~3.9 星餐廳"
"245","3.8333333333333335","3.03","3.0","2","3~3.9 星餐廳"
"246","3.533333333333333","3.0","","21","3~3.9 星餐廳"
"247","3.566666666666667","3.03","3.0","12","3~3.9 星餐廳"
"248","3.9","3.0","","11","3~3.9 星餐廳"
"249","3.7666666666666666","3.06","","4","3~3.9 星餐廳"
"250","4.2","3.45","","12","4~5 星餐廳"
"251","3.7666666666666666","3.05","","11","3~3.9 星餐廳"
"252","3.8","3.0","","6","3~3.9 星餐廳"
"253","3.533333333333333","3.09","3.08","7","3~3.9 星餐廳"
"254","3.466666666666667","3.0","","5","3~3.9 星餐廳"
"255","4.266666666666667","3.54","3.48","29","4~5 星餐廳"
"256","3.466666666666667","3.28","3.0","9","3~3.9 星餐廳"
"257","3.6666666666666665","3.12","3.43","20","3~3.9 星餐廳"
"258","3.566666666666667","3.0","","7","3~3.9 星餐廳"
"259","3.633333333333333","3.16","3.27","15","3~3.9 星餐廳"
"260","3.6666666666666665","3.05","3.04","5","3~3.9 星餐廳"
"261","4.333333333333333","3.05","3.46","34","4~5 星餐廳"
"262","3.433333333333333","3.06","","5","3~3.9 星餐廳"
"263","3.433333333333333","3.05","","3","3~3.9 星餐廳"
"264","4.3","3.42","","8","4~5 星餐廳"
"265","3.533333333333333","3.01","","6","3~3.9 星餐廳"
"266","3.7","3.21","","16","3~3.9 星餐廳"
"267","3.566666666666667","3.16","","9","3~3.9 星餐廳"
"268","3.2333333333333334","3.1","","16","3~3.9 星餐廳"
"269","4.133333333333334","3.5","3.5","69","4~5 星餐廳"
"270","3.3666666666666667","3.07","3.07","19","3~3.9 星餐廳"
"271","3.433333333333333","3.02","","5","3~3.9 星餐廳"
"272","3.566666666666667","3.02","3.02","17","3~3.9 星餐廳"
"273","3.566666666666667","3.06","","2","3~3.9 星餐廳"
"274","3.6666666666666665","3.16","3.08","15","3~3.9 星餐廳"
"275","3.7","3.14","3.07","17","3~3.9 星餐廳"
"276","3.566666666666667","3.29","","17","3~3.9 星餐廳"
"277","3.733333333333333","3.21","3.02","14","3~3.9 星餐廳"
"278","3.4","3.08","3.13","23","3~3.9 星餐廳"
"279","3.3","3.02","","11","3~3.9 星餐廳"
"280","3.6","3.38","","11","3~3.9 星餐廳"
"281","4.266666666666667","3.53","3.0","83","4~5 星餐廳"
"282","4.233333333333333","3.33","3.15","5","4~5 星餐廳"
"283","3.466666666666667","3.02","","13","3~3.9 星餐廳"
"284","3.6","3.06","3.04","6","3~3.9 星餐廳"
"285","4.1","3.51","3.24","33","4~5 星餐廳"
"286","3.433333333333333","3.31","","10","3~3.9 星餐廳"
"287","4.266666666666667","3.18","3.52","47","4~5 星餐廳"
"288","3.566666666666667","3.07","3.21","27","3~3.9 星餐廳"
"289","3.6666666666666665","3.0","","5","3~3.9 星餐廳"
"290","3.2333333333333334","3.06","","10","3~3.9 星餐廳"
"291","3.6","3.06","3.05","2","3~3.9 星餐廳"
"292","3.7","3.0","3.08","50","3~3.9 星餐廳"
"293","4.366666666666666","3.51","3.06","21","4~5 星餐廳"
"294","3.2666666666666666","3.06","","2","3~3.9 星餐廳"
"295","3.8","3.29","3.0","17","3~3.9 星餐廳"
"296","3.6666666666666665","3.08","3.08","31","3~3.9 星餐廳"
"297","3.533333333333333","3.06","","3","3~3.9 星餐廳"
"298","4.066666666666666","3.51","3.07","20","4~5 星餐廳"
"299","4.366666666666666","3.49","3.45","27","4~5 星餐廳"
"300","3.566666666666667","3.06","3.05","2","3~3.9 星餐廳"
"301","4.366666666666666","3.56","3.5","16","4~5 星餐廳"
"302","3.7","3.04","","3","3~3.9 星餐廳"
"303","3.333333333333333","3.04","","2","3~3.9 星餐廳"
"304","3.8333333333333335","3.6","3.52","76","3~3.9 星餐廳"
"305","4.266666666666667","3.53","","10","4~5 星餐廳"
"306","3.3","3.31","","23","3~3.9 星餐廳"
"307","3.633333333333333","3.0","","23","3~3.9 星餐廳"
"308","4.333333333333333","3.45","3.2","68","4~5 星餐廳"
"309","4.166666666666667","3.52","3.05","60","4~5 星餐廳"
"310","3.5","3.0","","5","3~3.9 星餐廳"
"311","3.5","3.07","","9","3~3.9 星餐廳"
"312","3.466666666666667","3.31","","5","3~3.9 星餐廳"
"313","3.6","3.04","","4","3~3.9 星餐廳"
"314","3.433333333333333","3.27","3.1","40","3~3.9 星餐廳"
"315","3.4","3.05","","3","3~3.9 星餐廳"
"316","3.333333333333333","3.14","3.12","14","3~3.9 星餐廳"
"317","3.8","3.0","3.02","25","3~3.9 星餐廳"
"318","3.433333333333333","3.26","","46","3~3.9 星餐廳"
"319","3.633333333333333","3.03","","14","3~3.9 星餐廳"
"320","3.566666666666667","3.04","","2","3~3.9 星餐廳"
"321","4.0","3.13","3.53","76","4~5 星餐廳"
"322","3.2666666666666666","3.0","3.03","5","3~3.9 星餐廳"
"323","4.133333333333334","3.72","3.71","56","4~5 星餐廳"
"324","3.5","3.04","3.01","15","3~3.9 星餐廳"
"325","3.7666666666666666","3.12","","23","3~3.9 星餐廳"
"326","3.533333333333333","3.04","","15","3~3.9 星餐廳"
"327","3.4","3.06","","5","3~3.9 星餐廳"
"328","3.466666666666667","3.06","3.06","12","3~3.9 星餐廳"
"329","3.533333333333333","3.03","3.04","6","3~3.9 星餐廳"
"330","3.5","3.05","","12","3~3.9 星餐廳"
"331","3.5","3.06","","4","3~3.9 星餐廳"
"332","3.6666666666666665","3.15","","11","3~3.9 星餐廳"
"333","3.6","3.04","","12","3~3.9 星餐廳"
"334","4.166666666666667","3.23","3.24","16","4~5 星餐廳"
"335","3.5","3.03","3.02","11","3~3.9 星餐廳"
"336","3.6666666666666665","3.27","","5","3~3.9 星餐廳"
"337","3.7","3.0","3.0","8","3~3.9 星餐廳"
"338","3.6666666666666665","3.06","","4","3~3.9 星餐廳"
"339","4.3","3.45","","67","4~5 星餐廳"
"340","3.433333333333333","3.02","3.09","34","3~3.9 星餐廳"
"341","3.6666666666666665","3.06","","4","3~3.9 星餐廳"
"342","3.966666666666667","3.52","3.08","22","3~3.9 星餐廳"
"343","3.4","3.01","3.0","26","3~3.9 星餐廳"
"344","3.533333333333333","3.15","3.07","21","3~3.9 星餐廳"
"345","3.6666666666666665","3.06","","6","3~3.9 星餐廳"
"346","3.433333333333333","3.09","","23","3~3.9 星餐廳"
"347","4.0","3.46","3.06","4","4~5 星餐廳"
"348","3.466666666666667","3.0","","6","3~3.9 星餐廳"
"349","3.433333333333333","3.3","","3","3~3.9 星餐廳"
"350","3.566666666666667","3.03","3.02","4","3~3.9 星餐廳"
"351","3.466666666666667","3.1","3.02","47","3~3.9 星餐廳"
"352","3.6666666666666665","3.06","3.06","12","3~3.9 星餐廳"
"353","4.4","3.5","3.52","67","4~5 星餐廳"
"354","3.6666666666666665","3.05","","1","3~3.9 星餐廳"
"355","3.5","3.05","","11","3~3.9 星餐廳"
"356","3.466666666666667","3.12","3.06","14","3~3.9 星餐廳"
"357","3.566666666666667","3.0","3.05","15","3~3.9 星餐廳"
"358","3.566666666666667","3.05","","9","3~3.9 星餐廳"
"359","4.266666666666667","3.54","3.12","20","4~5 星餐廳"
"360","3.466666666666667","3.03","","6","3~3.9 星餐廳"
"361","3.566666666666667","3.05","","4","3~3.9 星餐廳"
"362","3.7","3.0","","9","3~3.9 星餐廳"
"363","4.1","3.3","3.53","97","4~5 星餐廳"
"364","3.566666666666667","3.05","","13","3~3.9 星餐廳"
"365","3.7666666666666666","3.01","","9","3~3.9 星餐廳"
"366","3.633333333333333","3.0","","2","3~3.9 星餐廳"
"367","3.4","3.28","","28","3~3.9 星餐廳"
"368","3.433333333333333","3.21","","22","3~3.9 星餐廳"
"369","3.5","3.22","3.04","6","3~3.9 星餐廳"
"370","4.133333333333334","3.47","","51","4~5 星餐廳"
"371","3.6","3.07","3.08","14","3~3.9 星餐廳"
"372","3.6","3.07","","8","3~3.9 星餐廳"
"373","3.4","3.02","","31","3~3.9 星餐廳"
"374","4.133333333333334","3.41","","20","4~5 星餐廳"
"375","3.5","3.0","3.06","45","3~3.9 星餐廳"
"376","3.6666666666666665","3.09","3.02","27","3~3.9 星餐廳"
"377","3.5","3.14","","9","3~3.9 星餐廳"
"378","3.8333333333333335","3.01","3.05","3","3~3.9 星餐廳"
"379","3.4","3.05","3.0","21","3~3.9 星餐廳"
"380","3.633333333333333","3.04","3.0","6","3~3.9 星餐廳"
"381","3.333333333333333","3.0","","1","3~3.9 星餐廳"
"382","4.133333333333334","3.5","3.38","36","4~5 星餐廳"
"383","3.4","3.14","3.1","29","3~3.9 星餐廳"
"384","3.4","3.06","3.39","60","3~3.9 星餐廳"
"385","4.7","3.91","","52","4~5 星餐廳"
"386","3.533333333333333","3.41","3.02","20","3~3.9 星餐廳"
"387","3.7","3.34","3.12","9","3~3.9 星餐廳"
"388","3.566666666666667","3.04","","3","3~3.9 星餐廳"
"389","3.466666666666667","3.04","","5","3~3.9 星餐廳"
"390","3.5","3.06","","9","3~3.9 星餐廳"
"391","4.0","3.51","3.5","6","4~5 星餐廳"
"392","3.433333333333333","3.01","3.0","23","3~3.9 星餐廳"
"393","3.7666666666666666","3.0","3.06","11","3~3.9 星餐廳"
"394","4.2","3.51","","33","4~5 星餐廳"
"395","4.233333333333333","3.37","3.48","196","4~5 星餐廳"
"396","3.633333333333333","3.06","","3","3~3.9 星餐廳"
"397","3.5","3.0","3.08","24","3~3.9 星餐廳"
"398","3.7666666666666666","3.0","3.03","48","3~3.9 星餐廳"
"399","3.333333333333333","3.3","","7","3~3.9 星餐廳"
"400","4.066666666666666","3.47","3.12","18","4~5 星餐廳"
"401","3.6","3.39","","21","3~3.9 星餐廳"
"402","3.6666666666666665","3.0","3.39","12","3~3.9 星餐廳"
"403","3.633333333333333","3.05","3.08","11","3~3.9 星餐廳"
"404","3.566666666666667","3.13","","21","3~3.9 星餐廳"
"405","3.633333333333333","3.03","","5","3~3.9 星餐廳"
"406","4.3","3.57","3.05","15","4~5 星餐廳"
"407","3.466666666666667","3.05","3.37","51","3~3.9 星餐廳"
"408","3.566666666666667","3.06","","6","3~3.9 星餐廳"
"409","3.533333333333333","3.1","3.32","59","3~3.9 星餐廳"
"410","3.433333333333333","3.2","","6","3~3.9 星餐廳"
"411","4.066666666666666","3.23","3.39","3","4~5 星餐廳"
"412","4.066666666666666","3.55","3.35","36","4~5 星餐廳"
"413","3.6666666666666665","3.08","3.22","58","3~3.9 星餐廳"
"414","4.266666666666667","3.49","","17","4~5 星餐廳"
"415","3.8333333333333335","3.05","","5","3~3.9 星餐廳"
"416","3.7","3.0","","30","3~3.9 星餐廳"
"417","3.733333333333333","3.04","","19","3~3.9 星餐廳"
"418","3.566666666666667","3.15","","13","3~3.9 星餐廳"
"419","3.733333333333333","3.04","3.03","12","3~3.9 星餐廳"
"420","3.6666666666666665","3.02","","21","3~3.9 星餐廳"
"421","3.3","3.06","","2","3~3.9 星餐廳"
"422","3.6666666666666665","3.09","3.07","30","3~3.9 星餐廳"
"423","3.533333333333333","3.07","3.15","11","3~3.9 星餐廳"
"424","3.566666666666667","3.01","","24","3~3.9 星餐廳"
"425","4.233333333333333","3.45","","15","4~5 星餐廳"
"426","3.7","3.06","","11","3~3.9 星餐廳"
"427","4.233333333333333","3.56","3.54","82","4~5 星餐廳"
"428","3.7","3.03","","4","3~3.9 星餐廳"
"429","3.966666666666667","3.04","3.36","27","3~3.9 星餐廳"
"430","3.6","3.09","3.08","47","3~3.9 星餐廳"
"431","3.566666666666667","3.15","3.16","15","3~3.9 星餐廳"
"432","4.033333333333333","3.36","3.38","66","4~5 星餐廳"
"433","3.7","3.31","3.06","18","3~3.9 星餐廳"
"434","3.6","3.15","3.51","9","3~3.9 星餐廳"
"435","3.7","3.04","3.03","6","3~3.9 星餐廳"
"436","3.633333333333333","3.04","3.04","10","3~3.9 星餐廳"
"437","3.6666666666666665","3.19","3.05","21","3~3.9 星餐廳"
"438","3.566666666666667","3.07","3.13","13","3~3.9 星餐廳"
"439","4.2","3.35","3.51","15","4~5 星餐廳"
"440","4.266666666666667","3.35","3.33","29","4~5 星餐廳"
"441","3.6666666666666665","3.06","3.06","9","3~3.9 星餐廳"
"442","4.0","3.1","3.51","50","4~5 星餐廳"
"443","4.033333333333333","3.44","3.51","52","4~5 星餐廳"
"444","3.733333333333333","3.08","3.07","20","3~3.9 星餐廳"
"445","4.2","3.06","3.51","40","4~5 星餐廳"
"446","3.5","3.39","3.27","99","3~3.9 星餐廳"
"447","4.1","3.52","","39","4~5 星餐廳"
"448","3.6","3.08","3.0","15","3~3.9 星餐廳"
"449","4.1","3.51","","13","4~5 星餐廳"
"450","3.466666666666667","3.02","","2","3~3.9 星餐廳"
"451","3.533333333333333","3.03","","14","3~3.9 星餐廳"
"452","3.4","3.05","","8","3~3.9 星餐廳"
"453","3.6","3.08","3.07","191","3~3.9 星餐廳"
"454","3.5","3.03","","14","3~3.9 星餐廳"
"455","3.5","3.1","3.07","23","3~3.9 星餐廳"
"456","3.6","3.04","","4","3~3.9 星餐廳"
"457","3.5","3.2","","12","3~3.9 星餐廳"
"458","3.6666666666666665","3.05","3.02","5","3~3.9 星餐廳"
"459","3.533333333333333","3.0","","11","3~3.9 星餐廳"
"460","3.6","3.0","","11","3~3.9 星餐廳"
"461","4.3","3.44","3.43","62","4~5 星餐廳"
"462","3.633333333333333","3.02","3.07","22","3~3.9 星餐廳"
"463","3.6","3.31","","53","3~3.9 星餐廳"
"464","3.533333333333333","3.05","3.06","10","3~3.9 星餐廳"
"465","3.5","3.04","3.05","18","3~3.9 星餐廳"
"466","3.733333333333333","3.05","","8","3~3.9 星餐廳"
"467","4.0","3.09","3.53","14","4~5 星餐廳"
"468","3.933333333333333","3.0","","10","3~3.9 星餐廳"
"469","4.133333333333334","3.42","3.06","16","4~5 星餐廳"
"470","4.066666666666666","3.28","3.51","32","4~5 星餐廳"
"471","3.433333333333333","3.1","3.07","7","3~3.9 星餐廳"
"472","3.5","3.04","","8","3~3.9 星餐廳"
"473","3.633333333333333","3.22","","5","3~3.9 星餐廳"
"474","3.2666666666666666","3.06","3.06","22","3~3.9 星餐廳"
"475","4.3","3.54","3.14","54","4~5 星餐廳"
"476","4.066666666666666","3.5","3.48","39","4~5 星餐廳"
"477","3.3666666666666667","3.05","","11","3~3.9 星餐廳"
"478","3.6","3.27","","19","3~3.9 星餐廳"
"479","3.533333333333333","3.03","3.0","15","3~3.9 星餐廳"
"480","4.133333333333334","3.45","","9","4~5 星餐廳"
"481","3.6666666666666665","3.11","3.18","67","3~3.9 星餐廳"
"482","3.6","3.04","","3","3~3.9 星餐廳"
"483","3.733333333333333","3.06","3.41","15","3~3.9 星餐廳"
"484","3.433333333333333","3.1","3.0","67","3~3.9 星餐廳"
"485","3.466666666666667","3.0","3.04","11","3~3.9 星餐廳"
"486","3.6666666666666665","3.04","3.04","4","3~3.9 星餐廳"
"487","3.566666666666667","3.07","","7","3~3.9 星餐廳"
"488","3.566666666666667","3.04","","2","3~3.9 星餐廳"
"489","4.2","3.59","3.39","18","4~5 星餐廳"
"490","3.466666666666667","3.2","3.07","41","3~3.9 星餐廳"
"491","3.433333333333333","3.08","","2","3~3.9 星餐廳"
"492","3.566666666666667","3.3","","9","3~3.9 星餐廳"
"493","3.3666666666666667","3.06","","2","3~3.9 星餐廳"
"494","3.633333333333333","3.02","","2","3~3.9 星餐廳"
"495","4.1","3.5","","55","4~5 星餐廳"
"496","3.733333333333333","3.03","","12","3~3.9 星餐廳"
"497","3.7","3.04","","3","3~3.9 星餐廳"
"498","3.7666666666666666","3.23","","7","3~3.9 星餐廳"
"499","3.633333333333333","3.05","","5","3~3.9 星餐廳"
"500","3.6","3.28","","5","3~3.9 星餐廳"
"501","3.7666666666666666","3.15","3.21","8","3~3.9 星餐廳"
"502","3.466666666666667","3.06","3.33","5","3~3.9 星餐廳"
"503","3.8","3.09","3.5","29","3~3.9 星餐廳"
"504","4.166666666666667","3.55","3.31","8","4~5 星餐廳"
"505","4.666666666666667","4.04","3.61","148","4~5 星餐廳"
"506","3.6666666666666665","3.07","3.09","21","3~3.9 星餐廳"
"507","3.433333333333333","3.08","3.06","29","3~3.9 星餐廳"
"508","3.966666666666667","3.55","3.52","112","3~3.9 星餐廳"
"509","3.533333333333333","3.08","3.08","26","3~3.9 星餐廳"
"510","3.7666666666666666","3.06","","6","3~3.9 星餐廳"
"511","3.6","3.0","3.05","15","3~3.9 星餐廳"
"512","4.1","3.62","3.1","18","4~5 星餐廳"
"513","4.266666666666667","3.2","3.49","86","4~5 星餐廳"
"514","4.5","3.41","3.54","101","4~5 星餐廳"
"515","3.633333333333333","3.03","3.11","40","3~3.9 星餐廳"
"516","3.533333333333333","3.05","","1","3~3.9 星餐廳"
"517","4.033333333333333","3.53","3.38","16","4~5 星餐廳"
"518","3.4","3.17","3.0","13","3~3.9 星餐廳"
"519","3.2666666666666666","3.05","3.07","12","3~3.9 星餐廳"
"520","4.333333333333333","3.59","3.06","13","4~5 星餐廳"
"521","3.6","3.05","","3","3~3.9 星餐廳"
"522","3.433333333333333","3.04","","6","3~3.9 星餐廳"
"523","3.333333333333333","3.0","3.0","7","3~3.9 星餐廳"
"524","3.3666666666666667","3.08","","28","3~3.9 星餐廳"
"525","4.266666666666667","3.26","3.5","129","4~5 星餐廳"
"526","3.4","3.06","","5","3~3.9 星餐廳"
"527","3.933333333333333","3.53","","26","3~3.9 星餐廳"
"528","3.4","3.0","3.05","4","3~3.9 星餐廳"
"529","3.533333333333333","3.05","","9","3~3.9 星餐廳"
"530","3.6666666666666665","3.35","","11","3~3.9 星餐廳"
"531","3.7","3.0","","6","3~3.9 星餐廳"
"532","3.2","3.05","","10","3~3.9 星餐廳"
"533","3.633333333333333","3.05","3.04","19","3~3.9 星餐廳"
"534","3.8333333333333335","3.0","3.03","10","3~3.9 星餐廳"
"535","3.566666666666667","3.07","","13","3~3.9 星餐廳"
"536","3.6","3.03","3.06","9","3~3.9 星餐廳"
"537","3.6","3.06","","1","3~3.9 星餐廳"
"538","3.4","3.06","3.04","7","3~3.9 星餐廳"
"539","4.233333333333333","3.42","3.48","18","4~5 星餐廳"
"540","3.7","3.06","3.0","31","3~3.9 星餐廳"
"541","4.133333333333334","3.51","","110","4~5 星餐廳"
"542","3.566666666666667","3.0","","35","3~3.9 星餐廳"
"543","3.6666666666666665","3.04","3.02","2","3~3.9 星餐廳"
"544","3.3666666666666667","3.03","","11","3~3.9 星餐廳"
"545","3.566666666666667","3.05","","1","3~3.9 星餐廳"
"546","4.166666666666667","3.58","","23","4~5 星餐廳"
"547","3.7666666666666666","3.04","","1","3~3.9 星餐廳"
"548","3.466666666666667","3.06","3.38","24","3~3.9 星餐廳"
"549","4.1","3.44","","4","4~5 星餐廳"
"550","3.6666666666666665","3.04","3.04","7","3~3.9 星餐廳"
"551","3.7","3.09","3.38","43","3~3.9 星餐廳"
"552","4.2","3.58","3.56","107","4~5 星餐廳"
"553","3.2","3.0","","8","3~3.9 星餐廳"
"554","3.466666666666667","3.04","","3","3~3.9 星餐廳"
"555","3.533333333333333","3.33","3.08","54","3~3.9 星餐廳"
"556","4.3","3.35","3.54","42","4~5 星餐廳"
"557","3.3666666666666667","3.03","3.0","5","3~3.9 星餐廳"
"558","3.7","3.05","","4","3~3.9 星餐廳"
"559","3.5","3.06","3.06","10","3~3.9 星餐廳"
"560","3.8666666666666663","3.29","","13","3~3.9 星餐廳"
"561","3.7","3.06","","13","3~3.9 星餐廳"
"562","4.2","3.54","3.68","18","4~5 星餐廳"
"563","3.466666666666667","3.05","","13","3~3.9 星餐廳"
"564","3.9","3.06","","3","3~3.9 星餐廳"
"565","3.733333333333333","3.0","3.05","16","3~3.9 星餐廳"
"566","3.333333333333333","3.06","","4","3~3.9 星餐廳"
"567","3.2666666666666666","3.06","3.28","21","3~3.9 星餐廳"
"568","3.5","3.0","3.06","13","3~3.9 星餐廳"
"569","4.033333333333333","3.5","","9","4~5 星餐廳"
"570","3.566666666666667","3.04","","9","3~3.9 星餐廳"
"571","3.633333333333333","3.04","3.35","28","3~3.9 星餐廳"
"572","3.2666666666666666","3.04","","12","3~3.9 星餐廳"
"573","3.7666666666666666","3.21","3.06","17","3~3.9 星餐廳"
"574","4.366666666666666","3.16","3.65","72","4~5 星餐廳"
"575","3.966666666666667","3.51","3.08","23","3~3.9 星餐廳"
"576","3.6","3.05","3.05","5","3~3.9 星餐廳"
"577","3.6","3.06","3.05","22","3~3.9 星餐廳"
"578","4.233333333333333","3.54","3.04","15","4~5 星餐廳"
"579","3.433333333333333","3.06","","4","3~3.9 星餐廳"
"580","3.5","3.06","3.05","28","3~3.9 星餐廳"
"581","3.6","3.03","3.07","6","3~3.9 星餐廳"
"582","3.4","3.03","","6","3~3.9 星餐廳"
"583","3.466666666666667","3.05","","2","3~3.9 星餐廳"
"584","3.433333333333333","3.0","","4","3~3.9 星餐廳"
"585","3.6666666666666665","3.35","","9","3~3.9 星餐廳"
"586","3.433333333333333","3.04","3.03","16","3~3.9 星餐廳"
"587","3.6666666666666665","3.09","","25","3~3.9 星餐廳"
"588","3.566666666666667","3.14","3.07","23","3~3.9 星餐廳"
"589","4.166666666666667","3.69","","26","4~5 星餐廳"
"590","3.466666666666667","3.21","","14","3~3.9 星餐廳"
"591","3.433333333333333","3.15","3.05","15","3~3.9 星餐廳"
"592","3.633333333333333","3.31","3.06","20","3~3.9 星餐廳"
"593","3.6","3.02","3.06","19","3~3.9 星餐廳"
"594","3.533333333333333","3.0","3.04","43","3~3.9 星餐廳"
"595","3.8666666666666663","3.07","","4","3~3.9 星餐廳"
"596","3.7","3.03","","7","3~3.9 星餐廳"
"597","3.533333333333333","3.05","","3","3~3.9 星餐廳"
"598","3.6666666666666665","3.26","3.17","16","3~3.9 星餐廳"
"599","4.266666666666667","3.51","","23","4~5 星餐廳"
"600","3.3","3.08","3.37","36","3~3.9 星餐廳"
"601","3.7666666666666666","3.04","3.02","3","3~3.9 星餐廳"
"602","3.5","3.05","","10","3~3.9 星餐廳"
"603","3.2666666666666666","3.04","","1","3~3.9 星餐廳"
"604","3.8","3.12","3.21","13","3~3.9 星餐廳"
"605","4.2","3.51","3.32","79","4~5 星餐廳"
"606","3.633333333333333","3.06","3.0","77","3~3.9 星餐廳"
"607","3.633333333333333","3.04","","3","3~3.9 星餐廳"
"608","4.133333333333334","3.53","3.2","29","4~5 星餐廳"
"609","3.633333333333333","3.1","3.16","21","3~3.9 星餐廳"
"610","4.033333333333333","3.35","3.46","110","4~5 星餐廳"
"611","3.3","3.0","","4","3~3.9 星餐廳"
"612","3.466666666666667","3.14","3.3","39","3~3.9 星餐廳"
"613","4.233333333333333","3.57","3.0","39","4~5 星餐廳"
"614","3.466666666666667","3.06","","2","3~3.9 星餐廳"
"615","3.566666666666667","3.0","3.01","6","3~3.9 星餐廳"
"616","4.1","3.54","3.55","27","4~5 星餐廳"
"617","3.433333333333333","3.0","","1","3~3.9 星餐廳"
"618","3.7","3.26","3.05","14","3~3.9 星餐廳"
"619","4.0","3.34","3.51","30","4~5 星餐廳"
"620","3.6","3.0","","14","3~3.9 星餐廳"
"621","4.233333333333333","3.53","3.12","29","4~5 星餐廳"
"622","3.466666666666667","3.07","3.24","56","3~3.9 星餐廳"
"623","3.533333333333333","3.06","","1","3~3.9 星餐廳"
"624","3.3666666666666667","3.06","3.09","20","3~3.9 星餐廳"
"625","3.966666666666667","3.05","3.25","39","3~3.9 星餐廳"
"626","3.6","3.1","3.18","50","3~3.9 星餐廳"
"627","4.033333333333333","3.5","3.49","99","4~5 星餐廳"
"628","4.066666666666666","3.65","3.54","22","4~5 星餐廳"
"629","3.566666666666667","3.17","3.06","10","3~3.9 星餐廳"
"630","3.566666666666667","3.06","","15","3~3.9 星餐廳"
"631","3.533333333333333","3.03","","6","3~3.9 星餐廳"
"632","4.133333333333334","3.56","","52","4~5 星餐廳"
"633","3.6","3.06","3.04","4","3~3.9 星餐廳"
"634","4.133333333333334","3.13","3.58","131","4~5 星餐廳"
"635","3.6666666666666665","3.04","","1","3~3.9 星餐廳"
"636","4.2","3.52","3.27","20","4~5 星餐廳"
"637","4.5","3.8","3.58","31","4~5 星餐廳"
"638","3.6","3.16","","32","3~3.9 星餐廳"
"639","4.3","3.64","3.62","121","4~5 星餐廳"
"640","3.333333333333333","3.06","3.07","17","3~3.9 星餐廳"
"641","3.466666666666667","3.06","3.09","26","3~3.9 星餐廳"
"642","3.533333333333333","3.02","","7","3~3.9 星餐廳"
"643","4.166666666666667","3.48","3.17","125","4~5 星餐廳"
"644","3.6666666666666665","3.05","","23","3~3.9 星餐廳"
"645","4.7","3.63","3.72","69","4~5 星餐廳"
"646","4.066666666666666","3.28","3.52","40","4~5 星餐廳"
"647","4.2","3.54","3.05","20","4~5 星餐廳"
"648","3.433333333333333","3.06","3.0","12","3~3.9 星餐廳"
"649","3.6666666666666665","3.06","3.46","35","3~3.9 星餐廳"
"650","3.533333333333333","3.21","3.3","52","3~3.9 星餐廳"
"651","3.533333333333333","3.03","3.14","6","3~3.9 星餐廳"
"652","4.1","3.36","3.51","25","4~5 星餐廳"
"653","3.433333333333333","3.04","","2","3~3.9 星餐廳"
"654","3.466666666666667","3.04","3.16","9","3~3.9 星餐廳"
"655","3.8","3.06","3.0","23","3~3.9 星餐廳"
"656","3.466666666666667","3.05","","3","3~3.9 星餐廳"
"657","3.6","3.06","","9","3~3.9 星餐廳"
"658","4.666666666666667","3.71","3.97","61","4~5 星餐廳"
"659","4.166666666666667","3.58","3.59","16","4~5 星餐廳"
"660","3.433333333333333","3.37","3.08","21","3~3.9 星餐廳"
"661","4.033333333333333","3.58","3.59","713","4~5 星餐廳"
"662","3.3","3.04","","6","3~3.9 星餐廳"
"663","3.466666666666667","3.08","3.0","84","3~3.9 星餐廳"
"664","4.3","3.52","","41","4~5 星餐廳"
"665","3.5","3.03","3.17","9","3~3.9 星餐廳"
"666","3.466666666666667","3.08","3.38","56","3~3.9 星餐廳"
"667","3.4","3.03","3.07","32","3~3.9 星餐廳"
"668","3.8333333333333335","3.16","3.23","9","3~3.9 星餐廳"
"669","4.2","3.5","","4","4~5 星餐廳"
"670","3.6","3.08","3.41","22","3~3.9 星餐廳"
"671","3.7","3.04","3.09","17","3~3.9 星餐廳"
"672","3.5","3.04","","1","3~3.9 星餐廳"
"673","3.633333333333333","3.06","","3","3~3.9 星餐廳"
"674","3.566666666666667","3.27","3.07","62","3~3.9 星餐廳"
"675","3.566666666666667","3.09","3.31","11","3~3.9 星餐廳"
"676","4.166666666666667","3.5","","36","4~5 星餐廳"
"677","4.2","3.39","3.15","37","4~5 星餐廳"
"678","3.7","3.0","","4","3~3.9 星餐廳"
"679","3.7","3.18","","40","3~3.9 星餐廳"
"680","4.0","3.41","","10","4~5 星餐廳"
"681","3.633333333333333","3.29","","8","3~3.9 星餐廳"
"682","3.6","3.18","3.18","21","3~3.9 星餐廳"
"683","3.566666666666667","3.02","3.03","13","3~3.9 星餐廳"
"684","3.3666666666666667","3.05","3.08","10","3~3.9 星餐廳"
"685","3.6","3.17","3.31","82","3~3.9 星餐廳"
"686","3.7666666666666666","3.0","3.08","70","3~3.9 星餐廳"
"687","4.233333333333333","3.49","","14","4~5 星餐廳"
"688","3.4","3.07","3.5","108","3~3.9 星餐廳"
"689","3.433333333333333","3.05","3.05","8","3~3.9 星餐廳"
"690","3.9","3.12","3.1","23","3~3.9 星餐廳"
"691","4.1","3.08","3.53","22","4~5 星餐廳"
"692","3.6","3.06","3.33","12","3~3.9 星餐廳"
"693","3.8333333333333335","3.11","3.28","62","3~3.9 星餐廳"
"694","3.733333333333333","3.0","","8","3~3.9 星餐廳"
"695","4.033333333333333","3.44","","9","4~5 星餐廳"
"696","3.333333333333333","3.06","3.09","35","3~3.9 星餐廳"
"697","3.7666666666666666","3.09","3.06","39","3~3.9 星餐廳"
"698","4.166666666666667","3.32","3.56","68","4~5 星餐廳"
"699","4.066666666666666","3.52","3.16","19","4~5 星餐廳"
"700","3.3","3.03","3.0","21","3~3.9 星餐廳"
"701","3.4","3.04","","8","3~3.9 星餐廳"
"702","3.533333333333333","3.29","3.2","78","3~3.9 星餐廳"
"703","3.7","3.09","3.02","25","3~3.9 星餐廳"
"704","4.233333333333333","3.51","","55","4~5 星餐廳"
"705","3.633333333333333","3.0","","4","3~3.9 星餐廳"
"706","3.6666666666666665","3.06","3.07","10","3~3.9 星餐廳"
"707","3.433333333333333","3.07","","7","3~3.9 星餐廳"
"708","4.2","3.59","3.58","31","4~5 星餐廳"
"709","4.266666666666667","3.51","","38","4~5 星餐廳"
"710","3.633333333333333","3.26","","13","3~3.9 星餐廳"
"711","3.333333333333333","3.27","3.24","14","3~3.9 星餐廳"
"712","4.3","3.54","3.29","38","4~5 星餐廳"
"713","4.166666666666667","3.46","","21","4~5 星餐廳"
"714","4.133333333333334","3.5","3.57","129","4~5 星餐廳"
"715","3.8","3.06","3.35","36","3~3.9 星餐廳"
"716","3.966666666666667","3.4","3.09","15","3~3.9 星餐廳"
"717","3.6666666666666665","3.07","3.09","30","3~3.9 星餐廳"
"718","3.3","3.2","3.11","33","3~3.9 星餐廳"
"719","3.966666666666667","3.29","3.22","40","3~3.9 星餐廳"
"720","4.166666666666667","3.31","3.29","32","4~5 星餐廳"
"721","3.6","3.0","","10","3~3.9 星餐廳"
"722","4.1","3.61","3.6","30","4~5 星餐廳"
"723","3.5","3.08","","24","3~3.9 星餐廳"
"724","3.5","3.03","","8","3~3.9 星餐廳"
"725","3.466666666666667","3.06","3.11","22","3~3.9 星餐廳"
"726","3.466666666666667","3.03","3.0","7","3~3.9 星餐廳"
"727","3.533333333333333","3.08","3.17","15","3~3.9 星餐廳"
"728","3.633333333333333","3.18","","10","3~3.9 星餐廳"
"729","4.2","3.55","","73","4~5 星餐廳"
"730","4.0","3.57","","9","4~5 星餐廳"
"731","4.0","3.58","3.58","48","4~5 星餐廳"
"732","3.733333333333333","3.03","","15","3~3.9 星餐廳"
"733","4.266666666666667","3.4","3.45","62","4~5 星餐廳"
"734","3.8333333333333335","3.05","3.0","21","3~3.9 星餐廳"
"735","3.466666666666667","3.3","3.02","6","3~3.9 星餐廳"
"736","4.2","3.52","3.62","74","4~5 星餐廳"
"737","3.6666666666666665","3.23","","7","3~3.9 星餐廳"
"738","4.2","3.32","3.61","40","4~5 星餐廳"
"739","4.233333333333333","3.06","3.51","72","4~5 星餐廳"
"740","3.633333333333333","3.08","3.08","26","3~3.9 星餐廳"
"741","3.5","3.0","","8","3~3.9 星餐廳"
"742","3.4","3.2","","42","3~3.9 星餐廳"
"743","3.566666666666667","3.06","","3","3~3.9 星餐廳"
"744","3.333333333333333","3.08","","28","3~3.9 星餐廳"
"745","3.3666666666666667","3.01","3.08","27","3~3.9 星餐廳"
"746","4.2","3.49","","20","4~5 星餐廳"
"747","3.5","3.02","","1","3~3.9 星餐廳"
"748","3.8","3.14","3.18","50","3~3.9 星餐廳"
"749","3.633333333333333","3.18","3.23","10","3~3.9 星餐廳"
"750","3.5","3.06","","7","3~3.9 星餐廳"
"751","3.433333333333333","3.07","3.08","45","3~3.9 星餐廳"
"752","3.566666666666667","3.08","3.14","34","3~3.9 星餐廳"
"753","3.3666666666666667","3.0","3.06","3","3~3.9 星餐廳"
"754","3.7666666666666666","3.1","","24","3~3.9 星餐廳"
"755","3.633333333333333","3.1","3.01","21","3~3.9 星餐廳"
"756","3.466666666666667","3.06","3.22","37","3~3.9 星餐廳"
"757","4.0","3.42","","27","4~5 星餐廳"
"758","3.566666666666667","3.06","3.07","34","3~3.9 星餐廳"
"759","3.933333333333333","3.51","3.02","13","3~3.9 星餐廳"
"760","3.566666666666667","3.05","","5","3~3.9 星餐廳"
"761","3.6","3.05","","1","3~3.9 星餐廳"
"762","3.6","3.05","3.15","22","3~3.9 星餐廳"
"763","4.266666666666667","3.46","","12","4~5 星餐廳"
"764","3.3666666666666667","3.27","","23","3~3.9 星餐廳"
"765","4.366666666666666","3.08","3.43","44","4~5 星餐廳"
"766","3.466666666666667","3.08","3.07","6","3~3.9 星餐廳"
"767","3.4","3.32","3.07","38","3~3.9 星餐廳"
"768","3.633333333333333","3.0","3.0","9","3~3.9 星餐廳"
"769","3.5","3.06","","11","3~3.9 星餐廳"
"770","3.7666666666666666","3.03","3.03","2","3~3.9 星餐廳"
"771","4.133333333333334","3.09","3.58","380","4~5 星餐廳"
"772","3.6","3.3","","27","3~3.9 星餐廳"
"773","3.333333333333333","3.04","3.01","5","3~3.9 星餐廳"
"774","4.2","3.42","3.06","13","4~5 星餐廳"
"775","4.2","3.6","","43","4~5 星餐廳"
"776","3.6","3.05","3.08","41","3~3.9 星餐廳"
"777","3.2666666666666666","3.07","3.33","82","3~3.9 星餐廳"
"778","3.533333333333333","3.07","3.08","86","3~3.9 星餐廳"
"779","3.633333333333333","3.09","3.06","21","3~3.9 星餐廳"
"780","3.8","3.07","3.3","68","3~3.9 星餐廳"
"781","3.5","3.0","3.04","8","3~3.9 星餐廳"
"782","3.533333333333333","3.0","","6","3~3.9 星餐廳"
"783","3.4","3.18","","39","3~3.9 星餐廳"
"784","3.533333333333333","3.06","3.0","12","3~3.9 星餐廳"
"785","3.3666666666666667","3.09","3.03","56","3~3.9 星餐廳"
"786","3.7","3.03","3.06","19","3~3.9 星餐廳"
"787","4.3","3.59","3.6","1319","4~5 星餐廳"
"788","4.8","4.16","4.11","79","4~5 星餐廳"
"789","4.266666666666667","3.34","3.53","180","4~5 星餐廳"
"790","3.633333333333333","3.1","","14","3~3.9 星餐廳"
"791","3.4","3.05","","4","3~3.9 星餐廳"
"792","4.166666666666667","3.52","","15","4~5 星餐廳"
"793","4.133333333333334","3.43","","29","4~5 星餐廳"
"794","3.333333333333333","3.13","3.09","55","3~3.9 星餐廳"
"795","3.466666666666667","3.08","3.0","21","3~3.9 星餐廳"
"796","3.5","3.09","","13","3~3.9 星餐廳"
"797","3.5","3.06","","3","3~3.9 星餐廳"
"798","4.0","3.53","","67","4~5 星餐廳"
"799","4.066666666666666","3.51","3.52","23","4~5 星餐廳"
"800","3.5","3.17","","9","3~3.9 星餐廳"
"801","4.233333333333333","3.49","","22","4~5 星餐廳"
"802","3.7","3.0","3.04","21","3~3.9 星餐廳"
"803","3.566666666666667","3.05","3.15","25","3~3.9 星餐廳"
"804","3.433333333333333","3.33","","6","3~3.9 星餐廳"
"805","4.233333333333333","3.56","3.51","24","4~5 星餐廳"
"806","3.6","3.08","3.07","48","3~3.9 星餐廳"
"807","3.466666666666667","3.05","","5","3~3.9 星餐廳"
"808","3.433333333333333","3.12","","16","3~3.9 星餐廳"
"809","3.533333333333333","3.07","3.23","31","3~3.9 星餐廳"
"810","4.733333333333333","3.74","3.54","70","4~5 星餐廳"
"811","4.033333333333333","3.51","3.3","26","4~5 星餐廳"
"812","4.166666666666667","3.51","3.59","151","4~5 星餐廳"
"813","3.933333333333333","3.44","","8","3~3.9 星餐廳"
"814","3.466666666666667","3.0","3.12","8","3~3.9 星餐廳"
"815","3.7","3.05","3.15","36","3~3.9 星餐廳"
"816","3.733333333333333","3.09","","13","3~3.9 星餐廳"
"817","3.466666666666667","3.04","","4","3~3.9 星餐廳"
"818","3.966666666666667","3.37","3.4","37","3~3.9 星餐廳"
"819","3.566666666666667","3.05","3.03","6","3~3.9 星餐廳"
"820","4.333333333333333","3.5","","19","4~5 星餐廳"
"821","3.633333333333333","3.09","3.0","11","3~3.9 星餐廳"
"822","3.433333333333333","3.05","3.06","16","3~3.9 星餐廳"
"823","4.166666666666667","3.6","3.52","106","4~5 星餐廳"
"824","3.566666666666667","3.04","","3","3~3.9 星餐廳"
"825","3.466666666666667","3.06","3.05","22","3~3.9 星餐廳"
"826","3.7","3.0","","3","3~3.9 星餐廳"
"827","3.566666666666667","3.03","","5","3~3.9 星餐廳"
"828","4.266666666666667","3.5","3.08","19","4~5 星餐廳"
"829","3.6","3.28","3.19","8","3~3.9 星餐廳"
"830","3.8333333333333335","3.09","3.33","31","3~3.9 星餐廳"
"831","4.3","3.53","3.32","50","4~5 星餐廳"
"832","3.733333333333333","3.05","3.08","11","3~3.9 星餐廳"
"833","4.1","3.52","3.57","74","4~5 星餐廳"
"834","3.533333333333333","3.0","3.08","25","3~3.9 星餐廳"
"835","3.466666666666667","3.02","","29","3~3.9 星餐廳"
"836","3.6666666666666665","3.0","3.0","10","3~3.9 星餐廳"
"837","3.7666666666666666","3.03","3.03","21","3~3.9 星餐廳"
"838","4.666666666666667","3.97","3.85","53","4~5 星餐廳"
"839","4.066666666666666","3.07","3.54","116","4~5 星餐廳"
"840","4.066666666666666","3.05","3.53","31","4~5 星餐廳"
"841","3.3","3.04","","5","3~3.9 星餐廳"
"842","3.566666666666667","3.08","3.45","17","3~3.9 星餐廳"
"843","3.7666666666666666","3.13","3.48","18","3~3.9 星餐廳"
"844","3.4","3.07","3.1","72","3~3.9 星餐廳"
"845","4.1","3.09","3.52","62","4~5 星餐廳"
"846","4.333333333333333","3.04","3.55","25","4~5 星餐廳"
"847","3.5","3.02","","4","3~3.9 星餐廳"
"848","4.1","3.26","3.37","131","4~5 星餐廳"
"849","3.433333333333333","3.04","3.03","18","3~3.9 星餐廳"
"850","3.7","3.3","","6","3~3.9 星餐廳"
"851","3.566666666666667","3.08","3.02","7","3~3.9 星餐廳"
"852","3.7666666666666666","3.16","","9","3~3.9 星餐廳"
"853","3.433333333333333","3.06","3.09","34","3~3.9 星餐廳"
"854","3.3666666666666667","3.06","3.15","21","3~3.9 星餐廳"
"855","4.233333333333333","3.25","3.35","30","4~5 星餐廳"
"856","3.466666666666667","3.06","","20","3~3.9 星餐廳"
"857","4.4","3.52","","8","4~5 星餐廳"
"858","3.566666666666667","3.0","3.0","40","3~3.9 星餐廳"
"859","3.566666666666667","3.15","3.31","24","3~3.9 星餐廳"
"860","3.5","3.04","3.05","11","3~3.9 星餐廳"
"861","3.5","3.08","3.03","5","3~3.9 星餐廳"
"862","3.633333333333333","3.0","","1","3~3.9 星餐廳"
"863","3.3666666666666667","3.06","","7","3~3.9 星餐廳"
"864","3.633333333333333","3.07","3.13","19","3~3.9 星餐廳"
"865","4.066666666666666","3.51","","29","4~5 星餐廳"
"866","3.4","3.06","3.06","8","3~3.9 星餐廳"
"867","4.0","3.11","3.42","34","4~5 星餐廳"
"868","3.733333333333333","3.35","","77","3~3.9 星餐廳"
"869","3.966666666666667","3.58","3.61","58","3~3.9 星餐廳"
"870","3.933333333333333","3.04","3.58","40","3~3.9 星餐廳"
"871","4.266666666666667","3.3","3.38","39","4~5 星餐廳"
"872","3.433333333333333","3.03","","22","3~3.9 星餐廳"
"873","3.4","3.04","3.0","7","3~3.9 星餐廳"
"874","4.133333333333334","3.41","3.42","25","4~5 星餐廳"
"875","3.7","3.06","","3","3~3.9 星餐廳"
"876","3.466666666666667","3.0","","9","3~3.9 星餐廳"
"877","3.466666666666667","3.07","3.19","93","3~3.9 星餐廳"
"878","4.2","3.19","3.51","99","4~5 星餐廳"
"879","3.5","3.06","3.06","8","3~3.9 星餐廳"
"880","3.9","3.05","3.1","26","3~3.9 星餐廳"
"881","3.633333333333333","3.06","","18","3~3.9 星餐廳"
"882","3.633333333333333","3.05","3.06","8","3~3.9 星餐廳"
"883","3.566666666666667","3.02","3.08","20","3~3.9 星餐廳"
"884","3.466666666666667","3.05","3.0","28","3~3.9 星餐廳"
"885","4.133333333333334","3.51","3.47","55","4~5 星餐廳"
"886","3.6","3.07","3.06","14","3~3.9 星餐廳"
"887","3.633333333333333","3.04","","28","3~3.9 星餐廳"
"888","3.566666666666667","3.15","","7","3~3.9 星餐廳"
"889","4.066666666666666","3.41","3.58","203","4~5 星餐廳"
"890","3.5","3.04","","15","3~3.9 星餐廳"
"891","3.6","3.06","3.0","12","3~3.9 星餐廳"
"892","3.533333333333333","3.07","3.08","70","3~3.9 星餐廳"
"893","3.633333333333333","3.36","3.05","11","3~3.9 星餐廳"
"894","4.0","3.32","3.53","52","4~5 星餐廳"
"895","3.7","3.09","3.08","9","3~3.9 星餐廳"
"896","1.6666666666666667","1.61","1.55","12","低於 2 星"
"897","1.7666666666666666","1.88","2.0","5","低於 2 星"
"898","1.7333333333333334","1.1","1.15","25","低於 2 星"
"899","1.7666666666666666","1.85","1.9","8","低於 2 星"
"900","1.8","1.45","1.35","15","低於 2 星"
"901","1.5333333333333334","1.7","","30","低於 2 星"
"902","1.6333333333333333","1.0","1.09","40","低於 2 星"
"903","1.8","1.6","1.72","10","低於 2 星"
"904","1.7333333333333334","1.25","1.25","6","低於 2 星"
"905","1.8333333333333333","1.82","1.78","18","低於 2 星"
"906","1.5","2.0","1.98","5","低於 2 星"
"907","1.6","1.35","1.3","11","低於 2 星"
"908","1.5333333333333334","1.01","1.01","90","低於 2 星"
"909","1.8333333333333333","1.55","","7","低於 2 星"
"910","1.6666666666666667","1.75","1.79","14","低於 2 星"
"911","1.7","1.48","","10","低於 2 星"
"912","1.5","1.95","1.85","16","低於 2 星"
"913","1.9333333333333331","1.3","","4","低於 2 星"
"914","1.7","1.05","1.13","19","低於 2 星"
"915","1.5333333333333334","1.6","","22","低於 2 星"
"916","1.6666666666666667","1.95","2.0","5","低於 2 星"
"917","1.7","1.4","1.45","13","低於 2 星"
"918","1.8","1.55","1.45","6","低於 2 星"
"919","1.7333333333333334","1.75","1.75","9","低於 2 星"
"920","1.7333333333333334","1.18","","17","低於 2 星"
"921","1.7333333333333334","1.38","","20","低於 2 星"
"922","1.6666666666666667","1.8","1.9","45","低於 2 星"
"923","1.9","1.65","","10","低於 2 星"
"924","1.7","1.9","1.95","8","低於 2 星"
"925","1.6666666666666667","1.75","1.8","11","低於 2 星"
"926","1.8","1.05","1.1","30","低於 2 星"
"927","1.6","1.2","","7","低於 2 星"
"928","1.8333333333333333","1.9","1.88","15","低於 2 星"
"929","1.8333333333333333","1.5","1.5","28","低於 2 星"
"930","1.9","1.4","1.5","5","低於 2 星"
"931","1.7666666666666666","1.75","1.8","10","低於 2 星"
"932","1.6333333333333333","1.15","","9","低於 2 星"
"933","1.6666666666666667","1.95","1.85","12","低於 2 星"
"934","1.5333333333333334","1.6","1.65","35","低於 2 星"
"935","1.7333333333333334","1.25","1.3","8","低於 2 星"
"936","1.7666666666666666","1.75","1.65","11","低於 2 星"
"937","1.6333333333333333","1.3","1.4","18","低於 2 星"
"938","1.6333333333333333","1.95","1.95","22","低於 2 星"
"939","1.6333333333333333","1.48","","14","低於 2 星"
"940","1.6","1.0","1.0","50","低於 2 星"
"941","1.8","1.65","1.7","9","低於 2 星"
"942","1.6666666666666667","1.2","1.25","25","低於 2 星"
"943","1.6333333333333333","1.85","","6","低於 2 星"
"944","1.5666666666666669","1.6","1.5","15","低於 2 星"
"945","2.0","1.45","1.35","10","2~2.9 星餐廳"
"946","2.466666666666667","2.55","2.45","30","2~2.9 星餐廳"
"947","2.7666666666666666","2.95","3.0","12","2~2.9 星餐廳"
"948","1.8666666666666667","2.0","2.1","40","低於 2 星"
"949","2.466666666666667","2.75","2.85","15","2~2.9 星餐廳"
"950","1.8","2.3","2.36","20","低於 2 星"
"951","2.5","2.65","","50","2~2.9 星餐廳"
"952","1.7333333333333334","2.15","2.2","60","低於 2 星"
"953","2.6333333333333333","2.5","2.6","25","2~2.9 星餐廳"
"954","1.7666666666666666","2.2","2.2","10","低於 2 星"
"955","2.466666666666667","2.72","2.68","35","2~2.9 星餐廳"
"956","2.7333333333333334","2.95","2.85","15","2~2.9 星餐廳"
"957","1.8333333333333333","2.4","2.5","20","低於 2 星"
"958","1.7333333333333334","2.01","2.01","80","低於 2 星"
"959","2.3666666666666667","2.6","","10","2~2.9 星餐廳"
"960","2.4","2.75","2.79","25","2~2.9 星餐廳"
"961","1.8333333333333333","2.38","","18","低於 2 星"
"962","2.5","2.9","2.8","30","2~2.9 星餐廳"
"963","1.7666666666666666","2.4","","15","低於 2 星"
"964","1.8333333333333333","2.05","2.13","35","低於 2 星"
"965","2.7333333333333334","2.55","","40","2~2.9 星餐廳"
"966","2.466666666666667","2.9","3.0","10","2~2.9 星餐廳"
"967","1.8666666666666667","2.25","2.35","22","低於 2 星"
"968","2.6","2.6","2.5","15","2~2.9 星餐廳"
"969","2.333333333333333","2.7","2.8","18","2~2.9 星餐廳"
"970","1.7333333333333334","2.28","","28","低於 2 星"
"971","1.6666666666666667","2.15","","35","低於 2 星"
"972","2.7","2.65","2.75","55","2~2.9 星餐廳"
"973","2.4","2.5","","20","2~2.9 星餐廳"
"974","2.3","2.85","2.9","16","2~2.9 星餐廳"
"975","2.433333333333333","2.7","2.75","21","2~2.9 星餐廳"
"976","1.7","2.0","2.1","45","低於 2 星"
"977","1.5666666666666669","2.25","","14","低於 2 星"
"978","2.566666666666667","2.9","2.88","25","2~2.9 星餐廳"
"979","2.5","2.5","2.5","38","2~2.9 星餐廳"
"980","1.6666666666666667","2.45","2.51","8","低於 2 星"
"981","2.566666666666667","2.75","2.83","15","2~2.9 星餐廳"
"982","1.6333333333333333","2.18","","14","低於 2 星"
"983","2.566666666666667","2.9","2.95","20","2~2.9 星餐廳"
"984","2.3","2.55","2.65","40","2~2.9 星餐廳"
"985","1.8","2.25","2.35","16","低於 2 星"
"986","2.6666666666666665","2.7","2.6","18","2~2.9 星餐廳"
"987","1.6333333333333333","2.3","2.4","25","低於 2 星"
"988","2.6333333333333333","2.95","2.95","33","2~2.9 星餐廳"
"989","1.7333333333333334","2.4","","20","低於 2 星"
"990","1.6333333333333333","2.0","2.0","70","低於 2 星"
"991","2.5","2.65","2.75","15","2~2.9 星餐廳"
"992","1.7333333333333334","2.2","2.3","35","低於 2 星"
"993","2.566666666666667","2.8","","10","2~2.9 星餐廳"
"994","2.3","2.6","2.5","20","2~2.9 星餐廳"
"995","1.8666666666666667","2.45","2.35","15","低於 2 星"
